name;source;gender;wikidata;type
Afföllerstraße;wikidata;-;Q104819;
Afföllerwiesen;wikidata;-;Q104819;
Ahornweg;wikidata;-;Q42292;
Akazienweg;;-;;
Allersbergweg;;;;
Allnatalstraße;;;;
Alte Hute;;;;
Alte Kasseler Straße;;;;
Alte Kirchhofsgasse;;;;
Alte Schulstraße;;;;
Alter Ebsdorfer Weg;;;;
Alter Kirchhainer Weg;;;;
Alter Weg;;;;
Altes Schloß;;;;
Am Alten Rasen;;;;
Am Bahndamm;;;;
Am Berg;;;;
Am Bettacker;;;;
Am Bienengarten;;;;
Am Born;;;;
Am Bornberg;;;;
Am Brückchen;;;;
Am Buchenwald;;;;
Am Dachsbau;;;;
Am Dammelsberg;;;;
Am Denkmal;;;;
Am Engelsberg;;;;
Am Erlengraben;wikidata;-;Q25239;
Am Fernheizwerk;;-;;
Am Forsthaus;;;;
Am Friedhof;;;;
Am Glaskopf;;;;
Am Grabenacker;;;;
Am Grassenberg;;;;
Am Grün;;-;-;
Am grünen Hang;;;;
Am Gutshof;;;;
Am Hang;;;;
Am Hasenküppel;;;;
Am Hasselhof;;;;
Am Hedgesberg;;;;
Am Herrenfeld;;;;
Am Jägerwäldchen;;;;
Am Kähnelplatz;;;;
Am Kaufmarkt;;;;
Am Kirchberg;;;;
Am Kirschenwald;;;;
Am Knechtacker;;;;
Am Köppel;;;;
Am Kornacker;;;;
Am Kornfeld;;;;
Am Krappen;;;;
Am Krekel;;-;-;
Am Kuhweg;;;;
Am Kupfergraben;;;;
Am Lorch;;;;
Am Mähracker;;;;
Am Marktpfad;;;;
Am Martsacker;;;;
Am Mühlgraben;;;;
Am Mühlhof;;;;
Am Mühlteich;;;;
Am Nußacker;;;;
Am Ortenbergsteg;;;;
Am Pfaffenwald;;;;
Am Plan;;-;-;
Am Pulverturm;;;;
Am Rabenstein;;;;
Am Rain;;;;
Am Richtsberg;;;;
Am Rödchen;;;;
Am Schlag;;;;
Am Schulgarten;;;;
Am Schulhof;;;;
Am Schützenplatz;;;;
Am Schwanhof;;;;
Am Schwarzen Born;;;;
Am Spielplatz;;;;
Am Steinmühlfeld;;;;
Am Strauch;;;;
Am Strauchacker;;;;
Am Teich;;;;
Am Trusch;;;;
Am Vogelherd;;;;
Am Waldacker;;;;
Am Wäldchen;;;;
Am Waldrand;;;;
Am Wall;;;;
Am Weinberg;wikidata;-;Q282;
Am Weißenstein;;;;
Am Welzebach;;;;
Am Wichtel;;;;
Am Wittelsberg;;;;
Am Ziegenberg;;;;
Am Zuckerberg;;;;
Amöneburger Straße;wikidata;-;Q373902;
Amselstraße;;;;
An den Brunnenröhren;;;;
An den drei Morgen;;;;
An den Gärten;;;;
An den Plänchen;;;;
An den Siechengärten;;;;
An den Steinäckern;;;;
An den Steinbrüchen;;;;
An den Weiden;;;;
An der Berghecke;;;;
An der Dreispitze;;;;
An der Haustatt;;;;
An der Kirche;;;;
An der Linde;;;;
An der Martinskirche;;;;
An der Schäferbuche;;;;
An der Schanze;;;;
An der Schülerhecke;;;;
An der Zahlbach;;;;
Andrestraße;;;;
Annablickweg;;;;
Arzbachweg;;;;
Asternweg;;;;
Auf dem Halmburger;;;;
Auf dem Junkheim;;;;
Auf dem Rück;;;;
Auf dem Schaumrück;;;;
Auf dem Wehr;;;;
Auf dem Wulf;;;;
Auf dem Wüsten;;;;
Auf den Lahnbergen;wikidata;-;Q1517066;
Auf der Appeling;;;;
Auf der Beute;;;;
Auf der Ebert;;;;
Auf der Grube;;;;
Auf der Haide;;;;
Auf der Höhe;;;;
Auf der Hube;;;;
Auf der Jöch;;;;
Auf der Kahn;;;;
Auf der Kanzel;;;;
Auf der Seite;;;;
Auf der Weide;;;;
Auf'm Gebrande;;;;
Bachrücken;;;;
Bachstraße;;;;
Bachweg;;;;
Bahnhaus;;;;
Bahnhofstraße;;;;
Bauerbacher Straße;;;;
Baumgarten;;;;
Behringweg;;;;
Bei der Hirsenmühle;;;;
Bei St. Jost;wikidata;-;Q29464433;
Beltershäuser Straße;;;;
Bergblick;;;;
Bergelchen;;;;
Bergerweg;;;;
Berghofweg;;;;
Bergring;;;;
Bergstraße;;;;
Bergwiesenweg;;;;
Berliner Straße;;;;
Bettenweg;;;;
Bettewiese;;;;
Biegenstraße;;-;-;
Bienenweg;;;;
Birkenstraße;;;;
Birkenweg;;;;
Birnenstraße;;;;
Blaue Hofstadt;;;;
Blitzweg;;;;
Blumengarten;;;;
Blumenstraße;;;;
Blütenstraße;;;;
Bodenfeldstraße;;;;
Borngasse;;;;
Bortshäuser Straße;;;;
Brandenburger Straße;;;;
Braugasse;;;;
Breslauer Straße;;;;
Bruchwiesenweg;;;;
Brücker Weg;;;;
Bruderweg;;;;
Brunnenstraße;;;;
Bubenmühle;;;;
Buchenrotsweg;;;;
Buchenweg;;;;
Bühl;;;;
Bühlacker;;;;
Bunter Kitzel;;-;-;
Burgblick;;;;
Bürgelner Straße;;;;
Burgwaldstraße;;;;
Burgweg;;;;
Busring;;;;
Calderner Straße;;;;
Cappeler Gleiche;;;;
Cappeler Markt;;;;
Cappeler Straße;;;;
Chemnitzer Straße;wikidata;-;Q2795;
Christopherusstraße;;;;
Cölber Straße;;;;
Cyriaxstraße;;;;
Dagobertshäuser Straße;wikidata;-;Q1157367;
Dahlienstraße;;;;
Dammühlenstraße;;;;
Dammweg;;;;
Danziger Straße;;;;
Dietersdorfer Weg;;;;
Dilschhäuser Straße;;;;
Dorfmitte;;;;
Dorfwiesenweg;;;;
Dornbusch;;;;
Dorngasse;;;;
Dreihäusergasse;;;;
Dresdener Straße;;;;
Drosselstraße;;;;
Dükerweg;;;;
Dünsbergstraße;;;;
Ebsdorfer Straße;;;;
Egerländer Weg;;;;
Eichgarten;;;;
Eichweg;;;;
Eisenacher Weg;;;;
Eisenstraße;;;;
Elnhäuser Straße;;;;
Enge Gasse;;-;;
Enserweg;;;;
Erbsengasse;;;;
Erfurter Straße;;;;
Erlenring;;;;
Eschenweg;;;;
Eulenkopfstraße;;;;
Europabadstraße;;;;
Ewiges Tal;;;;
Fähnrichsweg;;;;
Falkenweg;;;;
Fasanenweg;;;;
Feldbergstraße;;;;
Feldweg;;;;
Feuerdornweg;;;;
Fichtenweg;;;;
Fichtestraße;;;;
Finkenstraße;;;;
Firmaneiplatz;;;;
Firmaneistraße;;;;
Fischteich;;;;
Flachspfuhl;;;;
Fliederstraße;;;;
Fohlengarten;;;;
Försterweg;;;;
Forsthausstraße;;;;
Frankfurter Straße;wikidata;-;Q1794;
Frauenbergstraße;;;;
Friedensplatz;;;;
Friedhofstraße;;;;
Friedhofsweg;;;;
Fuchspaß;;;;
Fünfhausen;;;;
Furthstraße;;;;
Gabelsbergerstraße;;;;
Galgenweg;;;;
Gänsegässchen;;;;
Gartenweg;;;;
Gasseweg;;;;
Gebrüderstraße;;;;
Gehrensgäßchen;;;;
Gerbergäßchen;;;;
Gerbergäßchen;;;;
Gerichtsweg;;;;
Gießener Straße;;;;
Ginseldorfer Weg;;;;
Ginsterweg;;;;
Gisonenweg;;;;
Gisselberger Straße;wikidata;-;Q1527643;
Gladenbacher Weg;;;;
Glammbergweg;;;;
Goldberg;;;;
Goldbergstraße;;;;
Görlitzer Weg;;;;
Görzhäuser Hof;;;;
Görzhäuser Weg;;;;
Goßfeldener Allee;;;;
Goßfeldener Straße;;;;
Götzenhainweg;;;;
Grabenstraße;;;;
Greifswalder Weg;;;;
Große Wiese;;;;
Großseelheimer Straße;;;;
Gründeberg;;;;
Grüner Weg;;;;
Grünschiebel;;;;
Gunzelinweg;;;;
Habichtstalgasse;;-;-;
Hachborner Straße;;;;
Haddamshäuser Straße;;;;
Hahnbergstraße;;;;
Hahnengasse;;-;-;
Hahnerheide;;;;
Hainweg;wikidata;-;Q1510380;
Hallenberger Straße;;;;
Halmburger Weg;;;;
Hangstraße;;;;
Hansenhäuserweg;;;;
Harthweg;;;;
Haselhecke;;;;
Hasenberg;;;;
Haspelgäßchen;;;;
Haspelstraße;;-;-;
Hattersbach;;;;
Hebronberg;;;;
Heide;;;;
Heljehaus;;;;
Helwigswiese;;;;
Herbenerstraße;;;;
Hermershäuser Straße;;;;
Hetzelweg;;;;
Heugäßchen;;;;
Heumarkt;;;;
Himbornstraße;;;;
Hinterfeld;;;;
Hintergasse;;;;
Hirschberg;;-;-;
Hirtenberg;;;;
Hirtengarten;;;;
Hofstatt;;-;-;
Hofweide;;;;
Hohe Leuchte;;;;
Höhenweg;;;;
Höhlsgasse;;;;
Hohlweg;;;;
Holderstrauch;;;;
Holunderweg;;;;
Holzgasse;;;;
Hopfengarten;;;;
Hoschecke;;;;
Hospitalwaldstraße;;;;
Hubgraben;;;;
Huteweg;;;;
Im Alten Wasser;;;;
Im Boden;;;;
Im Calderschen Grund;;;;
Im Dorfe;;;;
Im Feldchen;;;;
Im Gang;;;;
Im Gefälle;;;;
Im Graben;;;;
Im Grund;;;;
Im Grunel;;;;
Im Grünen Tal;;;;
Im Hain;;;;
Im Hainbach;;;;
Im Helling;;;;
Im Hirtental;;;;
Im Köhlersgrund;;;;
Im Lichtenholz;;;;
Im Loch;;;;
Im Loh;;;;
Im Paradies;;;;
Im Rudert;;;;
Im Schwarzenborn;;;;
Im Sohlgraben;;;;
Im Sonnenwinkel;;;;
Im Stiftsfeld;;;;
Im Unterdorf;;;;
Im Wiesengrund;;;;
Im Winkel;;;;
In der Badestube;;;;
In der Gemoll;;;;
In der Görtzbach;;;;
In der Hohl;;;;
In der Knutzbach;;;;
In der Struth;;;;
In der Wann;;;;
Industriestraße;;;;
Jägerstraße;;;;
Jakobsgasse;;;;
Jenaer Weg;;;;
Johannesgasse;;;;
Kaffweg;;-;-;
Kämpfrasen;;;;
Kappesgasse;;-;-;
Karlsbader Weg;;;;
Kastanienstraße;;;;
Kellerwaldstraße;;;;
Ketzerbach;;-;-;
Kiefernweg;;;;
Kiliansgasse;;;;
Kirchgasse;;;;
Kirchgraben;;;;
Kirchspitze;;;;
Kirchstraße;;;;
Kirchweg;;;;
Kleine Ortenberggasse;;;;
Köhlersgrundgasse;;;;
Kohlwaldweg;;;;
Königsberger Straße;;;;
Königsberger Weg;;;;
Königstraße;;;;
Kornbergweg;;;;
Körnerstraße;;;;
Kornmarkt;;;;
Krähenweg;;;;
Krebsgasse;;;;
Kreutzacker;;;;
Kreuzweg;;;;
Krummbogen;;-;-;
Kuhnsgasse;;;;
Lahnbergstraße;;;;
Lahnblick;;;;
Lahnstraße;;;;
Lahntor;;-;-;
Landgrafenweg;;;;
Langewiesenweg;;;;
Langgasse;;-;-;
Lärchenweg;;;;
Leckergäßchen;;-;-;
Leipziger Straße;;;;
Leiserweg;;;;
Lichtweg;;;;
Lilienstraße;;;;
Lindenplatz;;;;
Lindenweg;;;;
Lingelgasse;;-;-;
Lintzingsweg;;;;
Lippersbach;;;;
Löchels Gäßchen;;;;
Lohgarten;;;;
Lohgasse;;;;
Lönsweg;;;;
Lutherischer Kirchhof;;-;-;
Magdeburger Straße;;;;
Mainzer Gasse;;-;;
Marbacher Weg;;;;
Marburger Straße;;;;
Mariborer Straße;;;;
Markt;;;;
Marktgasse;;;;
Markthöhe;;;;
Mauerstraße;;;;
Mecklenburger Straße;;;;
Meisenweg;;;;
Mengelsgasse;;;;
Metzgergasse;;;;
Michelbacher Straße;;;;
Minksweg;;;;
Mittelhausen;;;;
Mittelweg;;;;
Moischter Straße;;;;
Molkereistraße;;;;
Mönchwaldstraße;;;;
Mühlbachweg;;;;
Mühlenbergstraße;;;;
Mühltreppe;;;;
Mühlweg;;;;
Muldenweg;;;;
Nelkenweg;;;;
Nesselberg;;;;
Nesselbrunner Straße;;;;
Neue Kasseler Straße;;;;
Neue Straße;;;;
Neuhöfe;;;;
Neustadt;;;;
Nibelungenweg;;;;
Niederweimarer Straße;;;;
Nonnengasse;;;;
Nonnhäuser Weg;;;;
Oberdorf;;;;
Oberer Eichweg;;;;
Oberer Rotenberg;;;;
Oberfeld;;;;
Oberweg;;;;
Ockershäuser Allee;;;;
Ockershäuser Schulgasse;;;;
Ockershäuser Straße;;;;
Odenwaldstraße;;;;
Ohmweg;;;;
Ortenbergplatz;;-;;
Pappelweg;;;;
Pernsdörfer;;;;
Pfaffenberg;;;;
Pfarracker;;;;
Pfingstweide;;;;
Pflanzgarten;;;;
Pilgrimstein;;;;
Plantage;;;;
Platzgasse;;;;
Poitiers-Straße;;;;
Pommernweg;;;;
Posener Straße;;;;
Potsdamer Straße;;;;
Quellweg;;;;
Rabenwiese;;;;
Raiffeisenstraße;;;;
Rehbocksecke;;;;
Reinhardswaldstraße;;;;
Reitgasse;;;;
Renthof;;;;
Rentmeisterstraße;;;;
Rimbergstraße;;;;
Ringstraße;;;;
Rinnacker;;;;
Rinnweg;;;;
Risberg;;;;
Ritterstraße;;;;
Rodsweg;;;;
Rollwiesenweg;;;;
Ronhäuser Straße;;;;
Rosenbusch;;;;
Rosengarten;;;;
Rosenstraße;;;;
Roßdorfer Straße;;;;
Roßgarten;;;;
Rostocker Weg;;;;
Rotdornweg;;;;
Rote Hohl;;;;
Rotenberg;;;;
Roter Graben;;;;
Roter Hof;;;;
Rübengasse;;;;
Rübenstein;;;;
Sachsenring;;;;
Salegrund;;;;
Salzköppel;;;;
Sandweg;;;;
Sauersgäßchen;;;;
Schenkendorfweg;;;;
Scheppe Gewissegasse;;;;
Schieferweg;;;;
Schlehdornweg;;;;
Schloß;;;;
Schlosserstraße;;;;
Schloßsteig;;;;
Schloßtreppe;;;;
Schmalwiesenweg;;;;
Schmiedeacker;;;;
Schneidersberg;;;;
Schönbacher Weg;;;;
Schröcker Straße;;;;
Schubbelackerweg;;;;
Schuhmarkt;;;;
Schulstraße;;;;
Schützenstraße;;;;
Schwalbenweg;;;;
Schwarzenbornweg;;;;
Seelheimer Weg;;;;
Sfaxer Straße;;;;
Siedlerweg;;;;
Simmesackerstraße;;;;
Simmestraße;;;;
Software-Center;;;;
Sommerbadstraße;;;;
Sommerstraße;;;;
Sonnenblickallee;;;;
Sonnenhang;;;;
Sonnenweg;;;;
Sonnhalde;;;;
Sperberweg;;;;
Stadtwaldstraße;;;;
Steinacker;;;;
Steinborn;;;;
Steinfeldstraße;;;;
Steingasse;;;;
Steinküppel;;;;
Steinmühlenweg;;;;
Steinnorr;;;;
Steinrücken;;;;
Steinweg;;;;
Sterzhäuser Straße;;;;
Stettiner Straße;;;;
Stiefelgasse;;;;
Stiftstraße;;;;
Stöckelsbergweg;;;;
Stocksgrund;;;;
Stümpelstal;;;;
Sudetenstraße;;;;
Tannenweg;;;;
Taubenweg;;;;
Teichweg;;;;
Teichwiesengraben;;;;
Teichwiesenweg;;;;
Thüringer Straße;;;;
Tilsiter Straße;;;;
Tonberg;;;;
Treisbachweg;;;;
Tulpenstraße;;;;
Über dem Grund;;;;
Über der Kirch;;;;
Uferstraße;;;;
Uhlandstraße;;;;
Ulmenweg;;;;
Umgehungsstraße;;;;
Universitätsstraße;;;;
Unter dem Gedankenspiel;;;;
Unter den Eichen;;;;
Unter den Steinbrüchen;;;;
Unterer Eichweg;;;;
Unterer Ohmweg;;;;
Untergasse;;;;
Vinzentinerinnenweg;;;;
Violastraße;;;;
Vogelsbergstraße;;;;
Wacholderberg;;;;
Waidmannsweg;;;;
Wäldchesborn;;;;
Waldeck;;;;
Waldweg;;;;
Wannkopfstraße;;;;
Wartburgstraße;;;;
Wehracker;;;;
Wehrdaer Straße;;;;
Wehrdaer Weg;;;;
Wehrshäuser Straße;;;;
Weidenbornstraße;;;;
Weidenbrunkel;;;;
Weidenhäuser Straße;;;;
Weidenstamm;;;;
Weimarer Weg;;;;
Weinbergstraße;;;;
Weinküppel;;;;
Weißdornweg;;;;
Weitershäuser Straße;;;;
Wendelgasse;;;;
Westerwaldstraße;;;;
Wettergasse;;;;
Wickegarten;;;;
Wickelborn;;;;
Wieselacker;;;;
Wiesenaue;;;;
Wiesentalweg;;;;
Wiesenweg;;;;
Wittelsberger Straße;;;;
Wittenberger Weg;;;;
Wolfshäuser Straße;;;;
Zelterstraße;;;;
Ziegelstraße;;;;
Zimmermannstraße;;;;
Zimmerplatzweg;;;;
Zu den Sandbeeten;;;;
Zückenberg;;;;
Zum Dankersbühl;;;;
Zum Eisenberg;;;;
Zum Elisabethbrunnen;;;;
Zum Elnhäuser Grund;;;;
Zum Heiligenberg;;;;
Zum Himmrich;;;;
Zum Hirtzborn;;;;
Zum Hohen Küppel;;;;
Zum Kalkberg;;;;
Zum Lahnberg;;;;
Zum Marienhäuschen;;;;
Zum Neuen Hieb;;;;
Zum Pfaffengrund;;;;
Zum Rosenmorgen;;;;
Zum Runden Baum;;;;
Zum Steinbruch;;;;
Zum Stempel;;;;
Zum Waldwinkel;;;;
Zum Wallgraben;;;;
Zur Aue;;;;
Zur Bergwiese;;;;
Zur Birke;;;;
Zur Burgruine;;;;
Zur Fasanerie;;;;
Zur Feldscheune;;;;
Zur Hainbuche;;;;
Zur Hainseite;;;;
Zur Hege;;;;
Zur Kalkkaute;;;;
Zur Kaute;;;;
Zur Klause;;;;
Zur Krahna;;;;
Zur Lahnaue;;;;
Zur Molle;;;;
Zur Wann;;;;
Zur Wehrholzseite;;;;
Zur Weinstraße;;;;
Zwetschenweg;;;;
Zwischenhausen;;;;
